{"branches": 20.833333333333336, "coverage": 57.10823909531503}